,problema,scor,sursa,data
0,Globuri,100,pbinfo,1583791200
1,Globuri,-1,pbinfo,1583791200
2,Animale,100,pbinfo,1583791200
3,Parc2,100,pbinfo,1583791200
4,Camioane,100,pbinfo,1583791200
5,Copii2,100,pbinfo,1583791200
6,scadere2,100,pbinfo,1583791200
7,scadere2,0,pbinfo,1583791200
8,scadere2,-1,pbinfo,1583791200
9,Urare,100,pbinfo,1583791200
10,Urare,100,pbinfo,1583791200
11,sum00,100,pbinfo,1583791200
12,sum00,-1,pbinfo,1583791200
13,sum00,-1,pbinfo,1583791200
14,sum00,0,pbinfo,1583791200
15,sum00,-1,pbinfo,1583791200
16,sum00,0,pbinfo,1583791200
17,sum00,0,pbinfo,1583791200
18,sum00,0,pbinfo,1583791200
19,sum00,0,pbinfo,1583791200
20,Preturi1,100,pbinfo,1583704800
21,Preturi1,20,pbinfo,1583704800
22,Vuli,100,pbinfo,1583704800
23,Eroziune,100,pbinfo,1583618400
24,Eroziune,80,pbinfo,1583618400
25,Eroziune,20,pbinfo,1583618400
26,Eroziune,20,pbinfo,1583618400
27,Eroziune,20,pbinfo,1583618400
28,Cirese1,100,pbinfo,1583618400
29,Armonica,50,pbinfo,1583445600
30,Armonica,50,pbinfo,1583445600
31,conexidad,77,pbinfo,1583445600
32,conexidad,77,pbinfo,1583445600
33,tairos,100,pbinfo,1583445600
34,tairos,49,pbinfo,1583445600
35,ZOO,100,pbinfo,1583272800
36,ZOO,30,pbinfo,1583272800
37,ZOO,30,pbinfo,1583272800
38,ZOO,20,pbinfo,1583272800
39,Mars,100,pbinfo,1583272800
40,Bitsort,100,pbinfo,1583272800
41,Deal,35,pbinfo,1583186400
42,Grad1,100,pbinfo,1583186400
43,Magic,100,pbinfo,1583186400
44,Submit,100,pbinfo,1583186400
45,Schi,100,pbinfo,1583100000
46,Schi,80,pbinfo,1583100000
47,Schi,75,pbinfo,1583100000
48,Schi,45,pbinfo,1583100000
49,Schi,-1,pbinfo,1583100000
50,Bunicul,20,pbinfo,1583100000
51,Bunicul,60,pbinfo,1583100000
52,Bunicul,68,pbinfo,1583100000
53,Bunicul,20,pbinfo,1583100000
54,Bunicul,-1,pbinfo,1583100000
55,Bunicul,20,pbinfo,1583100000
56,Bunicul,20,pbinfo,1583100000
57,Bunicul,20,pbinfo,1583100000
58,Bunicul,20,pbinfo,1583100000
59,Bunicul,20,pbinfo,1583100000
60,Bunicul,28,pbinfo,1583100000
61,Bunicul,20,pbinfo,1583100000
62,Bunicul,20,pbinfo,1583100000
63,Bunicul,20,pbinfo,1583100000
64,Bunicul,20,pbinfo,1583100000
65,Bunicul,20,pbinfo,1583100000
66,Bunicul,20,pbinfo,1583100000
67,Bunicul,20,pbinfo,1583100000
68,Bunicul,20,pbinfo,1583100000
69,Bunicul,20,pbinfo,1583100000
70,Bunicul,20,pbinfo,1583100000
71,Bunicul,20,pbinfo,1583100000
72,Bunicul,20,pbinfo,1583100000
73,B210,100,pbinfo,1583100000
74,B210,75,pbinfo,1583100000
75,B210,30,pbinfo,1583100000
76,B210,10,pbinfo,1583100000
77,B210,-1,pbinfo,1583100000
78,B210,20,pbinfo,1583100000
79,B210,20,pbinfo,1583100000
80,B210,0,pbinfo,1583100000
81,B210,0,pbinfo,1583100000
82,B210,0,pbinfo,1583100000
83,B210,30,pbinfo,1583100000
84,B210,20,pbinfo,1583100000
85,B210,0,pbinfo,1583100000
86,Broscute,100,pbinfo,1583013600
87,Broscute,90,pbinfo,1583013600
88,Broscute,70,pbinfo,1583013600
89,Broscute,80,pbinfo,1583013600
90,Broscute,80,pbinfo,1583013600
91,Broscute,60,pbinfo,1583013600
92,Broscute,60,pbinfo,1583013600
93,Broscute,60,pbinfo,1583013600
94,Broscute,60,pbinfo,1583013600
95,Broscute,60,pbinfo,1583013600
96,Broscute,35,pbinfo,1583013600
97,Broscute,35,pbinfo,1583013600
98,Excursie,100,pbinfo,1582668000
99,Excursie,20,pbinfo,1582668000
100,Excursie,60,pbinfo,1582668000
101,Excursie,40,pbinfo,1582668000
102,Excursie,40,pbinfo,1582668000
103,Excursie,40,pbinfo,1582668000
104,Excursie,40,pbinfo,1582668000
105,distanta_maxima,100,pbinfo,1582668000
106,Becuri1,-1,pbinfo,1582668000
107,Becuri1,85,pbinfo,1582668000
108,Becuri1,80,pbinfo,1582668000
109,Becuri1,80,pbinfo,1582668000
110,Becuri1,80,pbinfo,1582668000
111,Becuri1,45,pbinfo,1582668000
112,Becuri1,28,pbinfo,1582668000
113,Becuri1,23,pbinfo,1582668000
114,Becuri1,85,pbinfo,1582668000
115,Becuri1,85,pbinfo,1582668000
116,Becuri1,80,pbinfo,1582668000
117,Becuri1,80,pbinfo,1582668000
118,Becuri1,80,pbinfo,1582668000
119,Becuri1,85,pbinfo,1582668000
120,Becuri1,85,pbinfo,1582668000
121,Becuri1,80,pbinfo,1582668000
122,Becuri1,80,pbinfo,1582668000
123,Becuri1,85,pbinfo,1582668000
124,Becuri1,55,pbinfo,1582668000
125,Becuri1,55,pbinfo,1582668000
126,Becuri1,50,pbinfo,1582668000
127,Becuri1,25,pbinfo,1582668000
128,Becuri1,20,pbinfo,1582668000
129,Becuri1,30,pbinfo,1582668000
130,Becuri1,30,pbinfo,1582668000
131,Becuri1,55,pbinfo,1582668000
132,Becuri1,55,pbinfo,1582668000
133,Becuri1,55,pbinfo,1582668000
134,Becuri1,55,pbinfo,1582668000
135,Becuri1,45,pbinfo,1582668000
136,Becuri1,45,pbinfo,1582668000
137,Becuri1,35,pbinfo,1582668000
138,Becuri1,40,pbinfo,1582668000
139,Becuri1,40,pbinfo,1582668000
140,Becuri1,40,pbinfo,1582668000
141,Becuri1,25,pbinfo,1582668000
142,Becuri1,30,pbinfo,1582668000
143,Becuri1,30,pbinfo,1582668000
144,Becuri1,35,pbinfo,1582668000
145,Becuri1,9,pbinfo,1582668000
146,Becuri1,23,pbinfo,1582668000
147,Becuri1,18,pbinfo,1582668000
148,Becuri1,18,pbinfo,1582668000
149,Proportionale1,100,pbinfo,1582668000
150,paritar,50,pbinfo,1582581600
151,paritar,70,pbinfo,1582581600
152,paritar,50,pbinfo,1582581600
153,paritar,30,pbinfo,1582581600
154,paritar,50,pbinfo,1582581600
155,paritar,50,pbinfo,1582581600
156,paritar,70,pbinfo,1582581600
157,paritar,-1,pbinfo,1582581600
158,paritar,-1,pbinfo,1582581600
159,PalXXL,100,pbinfo,1582581600
160,Alternanta,100,pbinfo,1582581600
161,Alternanta,50,pbinfo,1582581600
162,Alternanta,70,pbinfo,1582581600
163,Identice,100,pbinfo,1582581600
164,CifreDistincte,100,pbinfo,1582581600
165,sir_vale,100,pbinfo,1582581600
166,sir_vale,90,pbinfo,1582581600
167,sir_zigzag,100,pbinfo,1582581600
168,sir_zigzag,70,pbinfo,1582581600
169,sir_zigzag,70,pbinfo,1582581600
170,sir_zigzag,70,pbinfo,1582581600
171,sir_zigzag,40,pbinfo,1582581600
172,VerifNrParCifre,100,pbinfo,1582581600
173,Permutare,100,pbinfo,1582581600
174,Proportionale1,60,pbinfo,1582581600
175,Proportionale1,60,pbinfo,1582581600
176,Proportionale1,60,pbinfo,1582581600
177,Proportionale1,60,pbinfo,1582581600
178,Proportionale1,60,pbinfo,1582581600
179,Proportionale1,60,pbinfo,1582581600
180,Proportionale1,60,pbinfo,1582581600
181,Proportionale1,60,pbinfo,1582581600
182,Proportionale1,60,pbinfo,1582581600
183,Proportionale1,60,pbinfo,1582581600
184,Proportionale1,40,pbinfo,1582581600
185,Proportionale1,40,pbinfo,1582581600
186,Proportionale1,0,pbinfo,1582581600
187,Proportionale1,60,pbinfo,1582581600
188,Proportionale1,60,pbinfo,1582581600
189,Proportionale1,20,pbinfo,1582581600
190,Proportionale1,20,pbinfo,1582581600
191,Proportionale1,60,pbinfo,1582581600
192,Proportionale1,40,pbinfo,1582581600
193,Cautare,100,pbinfo,1582581600
194,Cautare,0,pbinfo,1582581600
195,Cautare,0,pbinfo,1582581600
196,Cautare,60,pbinfo,1582581600
197,Cautare,60,pbinfo,1582581600
198,Vecini,100,pbinfo,1582581600
199,Vecini,-1,pbinfo,1582581600
200,Sume2,100,pbinfo,1582581600
201,Sume2,80,pbinfo,1582581600
202,Sume2,-1,pbinfo,1582581600
203,Cool,100,pbinfo,1582581600
204,Cool,40,pbinfo,1582581600
205,Cool,20,pbinfo,1582581600
206,Cool,20,pbinfo,1582581600
207,Cool,-1,pbinfo,1582581600
208,Cool,40,pbinfo,1582581600
209,Cool,40,pbinfo,1582581600
210,Cool,20,pbinfo,1582581600
211,Cool,25,pbinfo,1582581600
212,Cool,25,pbinfo,1582581600
213,Cool,15,pbinfo,1582581600
214,Cool,15,pbinfo,1582581600
215,Cool,15,pbinfo,1582581600
216,ursulet,5,pbinfo,1582581600
217,ursulet,5,pbinfo,1582495200
218,ursulet,0,pbinfo,1582495200
219,ursulet,5,pbinfo,1582495200
220,ursulet,0,pbinfo,1582495200
221,ursulet,5,pbinfo,1582495200
222,ursulet,5,pbinfo,1582495200
223,Oglindiri,100,pbinfo,1582495200
224,Oglindiri,0,pbinfo,1582495200
225,Secventa,100,pbinfo,1582495200
226,Secventa,0,pbinfo,1582495200
227,SecvCresc,100,pbinfo,1582495200
228,SecvCresc,60,pbinfo,1582495200
229,SecvCresc,-1,pbinfo,1582495200
230,SecvMax,100,pbinfo,1582495200
231,Secvente1,100,pbinfo,1582495200
232,Secvente1,40,pbinfo,1582495200
233,Secvente1,40,pbinfo,1582495200
234,Secvente1,20,pbinfo,1582495200
235,SecvEgale1,100,pbinfo,1582495200
236,kSecventa1,100,pbinfo,1582408800
237,kSecventa,100,pbinfo,1582408800
238,kSecventa,60,pbinfo,1582408800
239,kSecventa,60,pbinfo,1582408800
240,Secventa2,100,pbinfo,1582408800
241,Secventa2,60,pbinfo,1582408800
242,SecvEgale,100,pbinfo,1582408800
243,SecvK,100,pbinfo,1582063200
244,SecvK,80,pbinfo,1582063200
245,SecvK,20,pbinfo,1582063200
246,SecvK,-1,pbinfo,1582063200
247,SecvK,20,pbinfo,1582063200
248,SecvK,20,pbinfo,1582063200
249,SecvK,20,pbinfo,1582063200
250,SecvK,20,pbinfo,1582063200
251,SecvK,-1,pbinfo,1582063200
252,SecvK,20,pbinfo,1582063200
253,SecvK,0,pbinfo,1582063200
254,NrSecvente,100,pbinfo,1582063200
255,Ubuntzei,25,pbinfo,1581717600
256,Dijkstra,100,pbinfo,1581631200
257,Dijkstra,60,pbinfo,1581631200
258,Dijkstra,60,pbinfo,1581631200
259,Dijkstra,60,pbinfo,1581631200
260,Dijkstra,60,pbinfo,1581631200
261,Dijkstra,60,pbinfo,1581631200
262,Dijkstra,60,pbinfo,1581631200
263,Dijkstra,60,pbinfo,1581631200
264,asciimat,100,pbinfo,1581458400
265,asciimat,-1,pbinfo,1581458400
266,Suma5,100,pbinfo,1581372000
267,Suma5,52,pbinfo,1581372000
268,Suma5,0,pbinfo,1581372000
269,Suma5,0,pbinfo,1581372000
270,Suma5,40,pbinfo,1581372000
271,Suma5,40,pbinfo,1581372000
272,Suma5,0,pbinfo,1581372000
273,nkgraf,65,pbinfo,1581285600
274,nkgraf,55,pbinfo,1581285600
275,nkgraf,0,pbinfo,1581285600
276,nkgraf,55,pbinfo,1581285600
277,nkgraf,45,pbinfo,1581285600
278,nkgraf,45,pbinfo,1581285600
279,nkgraf,0,pbinfo,1581285600
280,nkgraf,15,pbinfo,1581285600
281,asciimat,100,pbinfo,1581199200
282,Dineu,70,pbinfo,1581026400
283,Dineu,-1,pbinfo,1581026400
284,Dineu,70,pbinfo,1581026400
285,Dineu,20,pbinfo,1581026400
286,Dineu,20,pbinfo,1581026400
287,Dineu,20,pbinfo,1581026400
288,Dineu,40,pbinfo,1581026400
289,Dineu,0,pbinfo,1581026400
290,Dineu,60,pbinfo,1581026400
291,Dineu,0,pbinfo,1581026400
292,Dineu,60,pbinfo,1581026400
293,Vot,100,pbinfo,1581026400
294,pion1,40,pbinfo,1580940000
295,pion1,40,pbinfo,1580940000
296,pion1,0,pbinfo,1580940000
297,pion1,20,pbinfo,1580940000
298,pion1,20,pbinfo,1580940000
299,pion1,20,pbinfo,1580940000
300,pion1,20,pbinfo,1580940000
301,Cladire5,100,pbinfo,1580853600
302,SumTri_XI,100,pbinfo,1580853600
303,Joc4,100,pbinfo,1580853600
304,Joc4,10,pbinfo,1580767200
305,Joc4,10,pbinfo,1580767200
306,Joc4,0,pbinfo,1580767200
307,Joc4,0,pbinfo,1580767200
308,Joc4,0,pbinfo,1580767200
309,Joc4,0,pbinfo,1580767200
310,Joc4,10,pbinfo,1580767200
311,Immortal,100,pbinfo,1580767200
312,Piscina,100,pbinfo,1580680800
313,Piscina,0,pbinfo,1580680800
314,Piscina,10,pbinfo,1580680800
315,barci,70,pbinfo,1580594400
316,barci,10,pbinfo,1580594400
317,barci,0,pbinfo,1580594400
318,barci,30,pbinfo,1580594400
319,barci,30,pbinfo,1580594400
320,expand,90,pbinfo,1580508000
321,expand,40,pbinfo,1580508000
322,autostrada,100,pbinfo,1580421600
323,autostrada,60,pbinfo,1580421600
324,autostrada,30,pbinfo,1580421600
325,autostrada,30,pbinfo,1580421600
326,card,100,pbinfo,1580335200
327,modernizare,100,pbinfo,1580248800
328,modernizare,70,pbinfo,1580162400
329,modernizare,70,pbinfo,1580162400
330,modernizare,50,pbinfo,1580162400
331,modernizare,70,pbinfo,1580162400
332,modernizare,60,pbinfo,1580162400
333,modernizare,60,pbinfo,1580162400
334,modernizare,40,pbinfo,1580162400
335,modernizare,30,pbinfo,1580162400
336,modernizare,30,pbinfo,1580162400
337,modernizare,40,pbinfo,1580162400
338,modernizare,30,pbinfo,1580162400
339,modernizare,30,pbinfo,1580162400
340,modernizare,40,pbinfo,1580162400
341,modernizare,30,pbinfo,1580162400
342,modernizare,40,pbinfo,1580162400
343,modernizare,30,pbinfo,1580162400
344,modernizare,40,pbinfo,1580162400
345,camioane1,90,pbinfo,1580076000
346,camioane1,40,pbinfo,1580076000
347,camioane1,10,pbinfo,1580076000
348,camioane1,40,pbinfo,1580076000
349,camioane1,0,pbinfo,1580076000
350,camioane1,0,pbinfo,1580076000
351,camioane1,40,pbinfo,1580076000
352,camioane1,30,pbinfo,1580076000
353,camioane1,0,pbinfo,1580076000
354,camioane1,0,pbinfo,1580076000
355,camioane1,0,pbinfo,1580076000
356,camioane1,-1,pbinfo,1580076000
357,camioane1,-1,pbinfo,1580076000
358,camioane1,-1,pbinfo,1580076000
359,gradina1,20,pbinfo,1579644000
360,gradina1,20,pbinfo,1579644000
361,gradina1,10,pbinfo,1579644000
362,gradina1,10,pbinfo,1579644000
363,gradina1,10,pbinfo,1579644000
364,gradina1,10,pbinfo,1579644000
365,gradina1,10,pbinfo,1579644000
366,gradina1,-1,pbinfo,1579644000
367,gradina1,10,pbinfo,1579644000
368,gradina1,10,pbinfo,1579644000
369,Plata1,100,pbinfo,1579644000
370,Plata1,0,pbinfo,1579644000
371,Project Management,90,pbinfo,1579384800
372,Project Management,40,pbinfo,1579384800
373,Project Management,40,pbinfo,1579384800
374,Project Management,40,pbinfo,1579384800
375,Project Management,60,pbinfo,1579384800
376,Project Management,30,pbinfo,1579384800
377,Project Management,40,pbinfo,1579298400
378,Project Management,40,pbinfo,1579298400
379,Project Management,30,pbinfo,1579298400
380,Project Management,30,pbinfo,1579298400
381,Ornament,100,pbinfo,1579125600
382,sum00,0,pbinfo,1578952800
383,sum00,0,pbinfo,1578952800
384,Orase,100,pbinfo,1578866400
385,Orase,20,pbinfo,1578866400
386,Orase,20,pbinfo,1578866400
387,Orase,20,pbinfo,1578866400
388,RF,100,pbinfo,1578780000
389,Roy-Floyd,100,pbinfo,1578780000
390,Roy-Floyd,0,pbinfo,1578780000
391,RF,20,pbinfo,1578780000
392,RF,20,pbinfo,1578780000
393,RF,20,pbinfo,1578780000
394,RF,20,pbinfo,1578780000
395,RF,20,pbinfo,1578780000
396,RF,20,pbinfo,1578780000
397,RF,0,pbinfo,1578780000
398,RF,20,pbinfo,1578780000
399,RF,0,pbinfo,1578780000
400,RF,20,pbinfo,1578780000
401,RF,20,pbinfo,1578780000
402,RF,20,pbinfo,1578780000
403,Graf,100,pbinfo,1578607200
404,Graf,0,pbinfo,1578607200
405,Graf,20,pbinfo,1578607200
406,Drum Hamiltonian,100,pbinfo,1578607200
407,Drum Hamiltonian,20,pbinfo,1578434400
408,Anunt,100,pbinfo,1578434400
409,Tare conexitate,100,pbinfo,1578434400
410,Tare conexitate,20,pbinfo,1578434400
411,Mall,100,pbinfo,1578434400
412,Mall,50,pbinfo,1578434400
413,Mall,50,pbinfo,1578434400
414,Mall,50,pbinfo,1578434400
415,Mall,50,pbinfo,1578434400
416,Roy-Warshall,100,pbinfo,1578434400
417,Project Management,40,pbinfo,1578348000
418,Project Management,40,pbinfo,1578348000
419,Project Management,0,pbinfo,1578348000
420,SortTopMinLex,100,pbinfo,1578348000
421,SortTopMinLex,70,pbinfo,1578348000
422,SortTopMinLex,0,pbinfo,1578348000
423,TopSort,100,pbinfo,1578348000
424,Protest,100,pbinfo,1578348000
425,DSLM,100,pbinfo,1578348000
426,Drumuri,100,pbinfo,1578175200
427,Turneu,100,pbinfo,1578175200
428,AfisCicluri,100,pbinfo,1578175200
429,AfisCicluri,0,pbinfo,1578175200
430,AfisCircuite,100,pbinfo,1578175200
431,Cunoscuti,100,pbinfo,1578175200
432,GradIntNul,100,pbinfo,1578175200
433,Grade2,100,pbinfo,1578175200
434,Ascensiune,95,pbinfo,1578002400
435,Ascensiune,90,pbinfo,1578002400
436,Ascensiune,95,pbinfo,1578002400
437,Ascensiune,90,pbinfo,1578002400
438,Gasti,0,pbinfo,1577916000
439,Gasti,0,pbinfo,1577916000
440,afin,100,pbinfo,1577916000
441,Fibonacci1,100,pbinfo,1577916000
442,Fibonacci,100,pbinfo,1577916000
443,Fibonacci,0,pbinfo,1577916000
444,VerifNumar,65,pbinfo,1576015200
445,Initiale,40,pbinfo,1575928800
446,AddOne,0,pbinfo,1575928800
447,AddOne,0,pbinfo,1575928800
448,primulbit,100,pbinfo,1575928800
449,primulbit,60,pbinfo,1575928800
450,BitSwap,100,pbinfo,1575928800
451,BitSwap,0,pbinfo,1575928800
452,invbits,100,pbinfo,1575928800
453,invbits,90,pbinfo,1575928800
454,invbits,0,pbinfo,1575928800
455,invbits,90,pbinfo,1575928800
456,invbits,90,pbinfo,1575928800
457,invbits,0,pbinfo,1575928800
458,removelast2,100,pbinfo,1575842400
459,removelast2,70,pbinfo,1575842400
460,removelast2,0,pbinfo,1575842400
461,removelast2,70,pbinfo,1575842400
462,setlast2,100,pbinfo,1575842400
463,setlast2,0,pbinfo,1575842400
464,setbit1,90,pbinfo,1575842400
465,setbit1,70,pbinfo,1575842400
466,setbit1,70,pbinfo,1575842400
467,setbit1,70,pbinfo,1575842400
468,setbit1,90,pbinfo,1575842400
469,setbit1,80,pbinfo,1575842400
470,setbit1,90,pbinfo,1575842400
471,setbit1,70,pbinfo,1575842400
472,setbit1,90,pbinfo,1575842400
473,setbit1,-1,pbinfo,1575842400
474,setbit1,-1,pbinfo,1575842400
475,setbit1,0,pbinfo,1575842400
476,setbit1,90,pbinfo,1575842400
477,setbit1,90,pbinfo,1575842400
478,setbit1,90,pbinfo,1575842400
479,setbit0,100,pbinfo,1575842400
480,setbit0,80,pbinfo,1575842400
481,setbit0,-1,pbinfo,1575842400
482,setbit0,0,pbinfo,1575842400
483,setbit0,0,pbinfo,1575842400
484,setbit0,0,pbinfo,1575842400
485,setbit0,40,pbinfo,1575842400
486,setbit0,0,pbinfo,1575842400
487,setbit0,-1,pbinfo,1575842400
488,setbit0,0,pbinfo,1575842400
489,setbit0,0,pbinfo,1575842400
490,setbit0,10,pbinfo,1575842400
491,getbit,100,pbinfo,1575842400
492,getbit,20,pbinfo,1575842400
493,getbit,-1,pbinfo,1575842400
494,getbit,10,pbinfo,1575842400
495,VerifParitate,100,pbinfo,1575842400
496,VerifParitate,20,pbinfo,1575842400
497,VerifParitate,0,pbinfo,1575842400
498,VerifParitate,0,pbinfo,1575842400
499,PutereBiti,100,pbinfo,1575842400
500,PutereBiti,-1,pbinfo,1575842400
501,SecvBiti,0,pbinfo,1575496800
502,SecvBiti,-1,pbinfo,1575496800
503,SecvBiti,0,pbinfo,1575410400
504,SecvBiti,-1,pbinfo,1575410400
505,Hex,100,pbinfo,1575410400
506,bibinar,100,pbinfo,1575410400
507,puteri1,100,pbinfo,1575410400
508,puteri1,100,pbinfo,1575410400
509,puteri1,0,pbinfo,1575410400
510,puteri1,100,pbinfo,1575410400
511,sumcif2,100,pbinfo,1575324000
512,sumcif2,-1,pbinfo,1575324000
513,sumcif2,100,pbinfo,1575324000
514,sumcif2,-1,pbinfo,1575324000
515,CifreBinare,100,pbinfo,1575324000
516,puteri1,60,pbinfo,1575237600
517,puteri1,20,pbinfo,1575237600
518,baza16,100,pbinfo,1574892000
519,s_p_c,100,pbinfo,1574805600
520,s_p_c,20,pbinfo,1574805600
521,s_p_c,40,pbinfo,1574805600
522,s_p_c,20,pbinfo,1574805600
523,s_p_c,0,pbinfo,1574805600
524,baze,100,pbinfo,1574805600
525,Conversie_B_10,100,pbinfo,1574805600
526,transfB,100,pbinfo,1574805600
527,BazaMinima,100,pbinfo,1574805600
528,BazaMinima,0,pbinfo,1574805600
529,LungimeMinima,100,pbinfo,1574546400
530,LungimeMinima,0,pbinfo,1574546400
531,Spanning Tree,0,pbinfo,1574287200
532,Spanning Tree,0,pbinfo,1574287200
533,Spanning Tree,0,pbinfo,1574287200
534,Gears,100,pbinfo,1574200800
535,EasyPow,100,pbinfo,1574028000
536,ZTS,100,pbinfo,1574028000
537,ZTS,40,pbinfo,1574028000
538,douabaze,100,pbinfo,1574028000
539,douabaze,90,pbinfo,1574028000
540,douabaze,90,pbinfo,1574028000
541,FAdCresc,100,pbinfo,1573596000
542,FAdCresc,90,pbinfo,1573596000
543,FAdCresc,70,pbinfo,1573596000
544,FAdCresc,90,pbinfo,1573596000
545,FAdCresc,90,pbinfo,1573596000
546,FAdCresc,90,pbinfo,1573596000
547,FAdCresc,-1,pbinfo,1573596000
548,FListaInserare3,100,pbinfo,1573596000
549,FListaInserare3,0,pbinfo,1573596000
550,FListaInserare2,100,pbinfo,1573596000
551,FListaInserare1,100,pbinfo,1573596000
552,FListaInserare,100,pbinfo,1573596000
553,FListaStergere1,100,pbinfo,1573596000
554,FListaStergere1,80,pbinfo,1573596000
555,FListaStergere1,-1,pbinfo,1573596000
556,FListaStergere1,-1,pbinfo,1573596000
557,FListaStergere1,-1,pbinfo,1573596000
558,FListaStergere1,0,pbinfo,1573596000
559,FListaStergere,100,pbinfo,1573596000
560,FListaStergere,80,pbinfo,1573596000
561,FListaStergere,-1,pbinfo,1573596000
562,InterschimbareLitere,100,pbinfo,1572991200
563,InterschimbareLitere,70,pbinfo,1572991200
564,ComponenteConexe,100,pbinfo,1572904800
565,FStergePrimulDinLista,100,pbinfo,1572818400
566,FAdaugareInainteLista,100,pbinfo,1572818400
567,FAdaugareInainteLista,0,pbinfo,1572818400
568,FAdaugareInainteLista,0,pbinfo,1572818400
569,FAdaugareInainteLista,0,pbinfo,1572645600
570,FAdaugareInainteLista,0,pbinfo,1572645600
571,FAdaugareInainteLista,0,pbinfo,1572645600
572,FAdaugareInainteLista,0,pbinfo,1572645600
573,FAdaugareInainteLista,0,pbinfo,1572645600
574,FListaSuma,100,pbinfo,1572645600
575,FListaSuma,0,pbinfo,1572645600
576,FListaSuma,-1,pbinfo,1572645600
577,FListaNumarare1,100,pbinfo,1572645600
578,FAfisareLista,100,pbinfo,1572645600
579,FAfisareLista,0,pbinfo,1572645600
580,FAfisareLista,-1,pbinfo,1572645600
581,FAdaugareLaLista,100,pbinfo,1572645600
582,FAdaugareLaLista,-1,pbinfo,1572645600
583,FAdaugareLaLista,0,pbinfo,1572645600
584,FAdaugareLaLista,0,pbinfo,1572645600
585,FAdaugareLaLista,0,pbinfo,1572645600
586,FAdaugareLaLista,0,pbinfo,1572645600
587,FAdaugareLaLista,0,pbinfo,1572645600
588,FAdaugareLaLista,-1,pbinfo,1572645600
589,FAdaugareLaLista,-1,pbinfo,1572645600
590,FAdaugareLaLista,0,pbinfo,1572645600
591,FAdaugareLaLista,0,pbinfo,1572645600
592,FAdaugareLaLista,-1,pbinfo,1572645600
593,FAdaugareLaLista,0,pbinfo,1572645600
594,CmmdcRec1,100,pbinfo,1572559200
595,FactorialRec1,100,pbinfo,1572559200
596,FactorialRec1,20,pbinfo,1572559200
597,FactorialRec1,20,pbinfo,1572559200
598,FactorialRec1,20,pbinfo,1572559200
599,FactorialRec1,0,pbinfo,1572559200
600,FListaInserare1,0,pbinfo,1572472800
601,FListaInserare1,-1,pbinfo,1572472800
602,Bac_Cuvinte,100,pbinfo,1572386400
603,FListaInserare3,0,pbinfo,1572213600
604,FListaInserare3,-1,pbinfo,1572213600
605,FListaInserare3,-1,pbinfo,1572213600
606,FListaStergere2,100,pbinfo,1572213600
607,FListaNumarare2,100,pbinfo,1572213600
608,FListaNumarare2,0,pbinfo,1572213600
609,FListaNumarare2,-1,pbinfo,1572213600
610,FListaNumarare,100,pbinfo,1572213600
611,FListaNumarare,-1,pbinfo,1572213600
612,kNivel,100,pbinfo,1572213600
613,tata,80,pbinfo,1572037200
614,tata,50,pbinfo,1572037200
615,tata,60,pbinfo,1572037200
616,tata,0,pbinfo,1572037200
617,tata,70,pbinfo,1572037200
618,tata,50,pbinfo,1572037200
619,tata,40,pbinfo,1572037200
620,Nivele,100,pbinfo,1572037200
621,Frunze,100,pbinfo,1572037200
622,AfisareFii,100,pbinfo,1571778000
623,AfisareFii,60,pbinfo,1571778000
624,AfisareFii,60,pbinfo,1571778000
625,Arbore,100,pbinfo,1571778000
626,Subarbori,20,pbinfo,1571605200
627,Subarbori,0,pbinfo,1571605200
628,Inaltime,100,pbinfo,1571605200
629,Inaltime,20,pbinfo,1571605200
630,Inaltime,20,pbinfo,1571605200
631,Inaltime,20,pbinfo,1571605200
632,Inaltime,20,pbinfo,1571605200
633,Partial,80,pbinfo,1571259600
634,Partial,80,pbinfo,1571259600
635,Partial,20,pbinfo,1571259600
636,Partial,0,pbinfo,1571259600
637,Partial,0,pbinfo,1571259600
638,LantMinim,100,pbinfo,1571259600
639,LantMinim,80,pbinfo,1571259600
640,Epidemie,100,pbinfo,1571259600
641,Epidemie,0,pbinfo,1571259600
642,Epidemie,60,pbinfo,1571259600
643,Epidemie,60,pbinfo,1571259600
644,Epidemie,60,pbinfo,1571259600
645,Epidemie,60,pbinfo,1571259600
646,Epidemie,60,pbinfo,1571259600
647,Epidemie,60,pbinfo,1571259600
648,Epidemie,20,pbinfo,1571259600
649,Epidemie,20,pbinfo,1571259600
650,LantMinim,80,pbinfo,1571173200
651,LantMinim,0,pbinfo,1571173200
652,Retea,100,pbinfo,1571173200
653,Bazine,100,pbinfo,1571173200
654,ComponenteConexe4,30,pbinfo,1571173200
655,ComponenteConexe4,0,pbinfo,1571086800
656,ComponenteConexe4,0,pbinfo,1571086800
657,ComponenteConexe3,100,pbinfo,1571000400
658,ComponenteConexe2,100,pbinfo,1571000400
659,Farma,10,pbinfo,1570827600
660,ComponenteConexe1,100,pbinfo,1570654800
661,ComponenteConexe1,50,pbinfo,1570654800
662,ComponenteConexe,100,pbinfo,1570654800
663,ComponenteConexe,0,pbinfo,1570654800
664,ComponenteConexe,0,pbinfo,1570654800
665,ComponenteConexe,0,pbinfo,1570654800
666,Conex,100,pbinfo,1570654800
667,BFS,100,pbinfo,1570654800
668,DFS,100,pbinfo,1570654800
669,anagrame_pfv,0,pbinfo,1570395600
670,NumarMunte,100,pbinfo,1570136400
671,varf,100,pbinfo,1569963600
672,varf,20,pbinfo,1569963600
673,varf,20,pbinfo,1569963600
674,NumarMunte,0,pbinfo,1569963600
675,NumarMunte,0,pbinfo,1569963600
676,NumarMunte,20,pbinfo,1569963600
677,NumarMunte,20,pbinfo,1569963600
678,NumarMunte,0,pbinfo,1569963600
679,NumarMunte,20,pbinfo,1569963600
680,NumarMunte,20,pbinfo,1569963600
681,NumarMunte,0,pbinfo,1569963600
682,varf,20,pbinfo,1569963600
683,varf,20,pbinfo,1569963600
684,varf,0,pbinfo,1569963600
685,varf,20,pbinfo,1569963600
686,varf,10,pbinfo,1569963600
687,varf,10,pbinfo,1569963600
688,varf,10,pbinfo,1569963600
689,varf,10,pbinfo,1569963600
690,varf,10,pbinfo,1569963600
691,varf,10,pbinfo,1569963600
692,varf,10,pbinfo,1569963600
693,varf,10,pbinfo,1569963600
694,varf,10,pbinfo,1569963600
695,varf,10,pbinfo,1569963600
696,sirab,100,pbinfo,1569877200
697,Shuffle,100,pbinfo,1569790800
698,Shuffle,0,pbinfo,1569790800
699,Shuffle,80,pbinfo,1569790800
700,CifreGen4,100,pbinfo,1569618000
701,CifreGen4,20,pbinfo,1569618000
702,SubmDiv,100,pbinfo,1569618000
703,SubmDiv,80,pbinfo,1569618000
704,SubmDiv,0,pbinfo,1569618000
705,SubmDiv,80,pbinfo,1569618000
706,Siruri,100,pbinfo,1569618000
707,Siruri,0,pbinfo,1569618000
708,Combinari,100,pbinfo,1569618000
709,permrep,90,pbinfo,1569618000
710,permrep,80,pbinfo,1569618000
711,permrep,70,pbinfo,1569618000
712,permrep,90,pbinfo,1569618000
713,permrep,20,pbinfo,1569618000
714,Cerc,60,pbinfo,1569272400
715,Cerc,40,pbinfo,1569272400
716,Cerc,20,pbinfo,1569272400
717,Cerc,0,pbinfo,1569272400
718,Cerc,0,pbinfo,1569272400
719,Aranjamente,100,pbinfo,1569272400
720,SumMax,100,pbinfo,1569272400
721,SumMax,0,pbinfo,1569272400
722,PermPF,100,pbinfo,1569272400
723,NrMaxim,0,pbinfo,1568926800
724,NrMaxim,60,pbinfo,1568926800
725,NrMaxim,60,pbinfo,1568926800
726,phi,80,pbinfo,1568754000
727,phi,20,pbinfo,1568754000
728,phi,30,pbinfo,1568754000
729,phi,0,pbinfo,1568754000
730,phi,0,pbinfo,1568754000
731,NrMaxim,20,pbinfo,1568754000
732,NrMaxim,60,pbinfo,1568754000
733,No_pals,0,pbinfo,1562706000
734,No_pals,20,pbinfo,1562706000
735,No_pals,20,pbinfo,1562706000
736,Cladire3,100,pbinfo,1562619600
737,No_pals,0,pbinfo,1561410000
738,No_pals,0,pbinfo,1561410000
739,No_pals,0,pbinfo,1561410000
740,No_pals,0,pbinfo,1561410000
741,No_pals,20,pbinfo,1561410000
742,Trepte2,40,pbinfo,1561323600
743,Trepte2,40,pbinfo,1561323600
744,Trepte2,40,pbinfo,1561323600
745,Trepte2,40,pbinfo,1561323600
746,Trepte2,40,pbinfo,1561323600
747,Trepte2,40,pbinfo,1561323600
748,Trepte2,40,pbinfo,1561323600
749,Cladire2,100,pbinfo,1561323600
750,Paznici,100,pbinfo,1559250000
751,Paznici,40,pbinfo,1559250000
752,Paznici,40,pbinfo,1559250000
753,Paznici,40,pbinfo,1559250000
754,Paznici,40,pbinfo,1558818000
755,Paznici,40,pbinfo,1558818000
756,Paznici,40,pbinfo,1558818000
757,Paznici,0,pbinfo,1558818000
758,Paznici,0,pbinfo,1558818000
759,Paznici,40,pbinfo,1558818000
760,Paznici,40,pbinfo,1558818000
761,Paznici,40,pbinfo,1558818000
762,Paznici,40,pbinfo,1558818000
763,Paznici,40,pbinfo,1558818000
764,Paznici,40,pbinfo,1558818000
765,Paznici,40,pbinfo,1558818000
766,Paznici,40,pbinfo,1558818000
767,Paznici,40,pbinfo,1558818000
768,Paznici,40,pbinfo,1558818000
769,Paznici,40,pbinfo,1558818000
770,Paznici,40,pbinfo,1558645200
771,Paznici,40,pbinfo,1558645200
772,Paznici,40,pbinfo,1558645200
773,Paznici,0,pbinfo,1558645200
774,Paznici,40,pbinfo,1558645200
775,Paznici,40,pbinfo,1558645200
776,Paznici,40,pbinfo,1558645200
777,Paznici,40,pbinfo,1558645200
778,Paznici,0,pbinfo,1558645200
779,Paznici,40,pbinfo,1558645200
780,Paznici,40,pbinfo,1558645200
781,Paznici,40,pbinfo,1558645200
782,Paznici,40,pbinfo,1558645200
783,Paznici,40,pbinfo,1558645200
784,Paznici,40,pbinfo,1558645200
785,Paznici,40,pbinfo,1558645200
786,Paznici,40,pbinfo,1558645200
787,Paznici,20,pbinfo,1558645200
788,Paznici,40,pbinfo,1558645200
789,CmmdcSum,0,pbinfo,1558040400
790,CmmdcSum,0,pbinfo,1558040400
791,Cladire1,100,pbinfo,1552687200
792,Cladire1,0,pbinfo,1552687200
793,Cladire,100,pbinfo,1552687200
794,Charlie,53,pbinfo,1551996000
795,Zimeria,10,pbinfo,1551823200
796,Zimeria,0,pbinfo,1551823200
797,Zimeria,0,pbinfo,1551823200
798,Zimeria,0,pbinfo,1551823200
799,Zimeria,0,pbinfo,1551823200
800,Zimeria,30,pbinfo,1551823200
801,Zimeria,0,pbinfo,1551823200
802,Zimeria,30,pbinfo,1551823200
803,Zimeria,0,pbinfo,1551823200
804,Zimeria,0,pbinfo,1551823200
805,Zimeria,0,pbinfo,1551823200
806,Zimeria,0,pbinfo,1551823200
807,Zimeria,0,pbinfo,1551823200
808,Zimeria,0,pbinfo,1551823200
809,Zecimala,100,pbinfo,1551823200
810,mr,90,pbinfo,1551736800
811,mr,90,pbinfo,1551736800
812,mr,90,pbinfo,1551736800
813,mr,60,pbinfo,1551736800
814,Zona2,60,pbinfo,1551736800
815,Zona2,60,pbinfo,1551736800
816,Zona2,60,pbinfo,1551736800
817,Zona2,60,pbinfo,1551736800
818,Zona2,60,pbinfo,1551736800
819,Zona2,60,pbinfo,1551736800
820,Zona2,60,pbinfo,1551736800
821,Compresie,100,pbinfo,1551650400
822,Compresie,5,pbinfo,1551650400
823,Compresie,5,pbinfo,1551650400
824,Compresie,5,pbinfo,1551650400
825,Compresie,0,pbinfo,1551650400
826,Turnuri,70,pbinfo,1551477600
827,sudoku,20,pbinfo,1551218400
828,sudoku,20,pbinfo,1551218400
829,sudoku,20,pbinfo,1551218400
830,Culori2,10,pbinfo,1551132000
831,Culori2,10,pbinfo,1551132000
832,sudoku,20,pbinfo,1551045600
833,Sticle,100,pbinfo,1551045600
834,Sticle,-1,pbinfo,1551045600
835,Sticle,-1,pbinfo,1551045600
836,Soarece1,60,pbinfo,1551045600
837,Soarece1,100,pbinfo,1551045600
838,Soarece1,60,pbinfo,1551045600
839,Soarece1,100,pbinfo,1551045600
840,Soarece1,80,pbinfo,1551045600
841,Soarece1,80,pbinfo,1551045600
842,Soarece1,80,pbinfo,1551045600
843,Soarece1,80,pbinfo,1551045600
844,Soarece1,60,pbinfo,1551045600
845,Soarece1,60,pbinfo,1551045600
846,LitereGen1,100,pbinfo,1550959200
847,LitereGen1,20,pbinfo,1550959200
848,LitereGen1,20,pbinfo,1550959200
849,LitereGen1,80,pbinfo,1550959200
850,LitereGen1,0,pbinfo,1550959200
851,LitereGen1,0,pbinfo,1550959200
852,Soarece,100,pbinfo,1550959200
853,eq4,24,pbinfo,1550700000
854,eq4,0,pbinfo,1550613600
855,castel1,100,pbinfo,1550440800
856,castel1,95,pbinfo,1550440800
857,castel1,0,pbinfo,1550440800
858,supermarket,50,pbinfo,1550440800
859,Barlog,45,pbinfo,1550440800
860,Imperii,80,pbinfo,1550095200
861,Imperii,0,pbinfo,1550095200
862,Imperii,0,pbinfo,1550095200
863,Imperii,80,pbinfo,1550095200
864,Imperii,80,pbinfo,1550095200
865,Imperii,0,pbinfo,1550095200
866,Imperii,80,pbinfo,1550095200
867,Imperii,60,pbinfo,1550095200
868,Imperii,20,pbinfo,1550095200
869,Insule,100,pbinfo,1550095200
870,Insule,88,pbinfo,1550095200
871,Insule,88,pbinfo,1550095200
872,Insule,82,pbinfo,1550095200
873,Insule,82,pbinfo,1550095200
874,Insule,82,pbinfo,1550095200
875,Insule,82,pbinfo,1550095200
876,Reteta,100,pbinfo,1549836000
877,Reteta,60,pbinfo,1549836000
878,Reteta,60,pbinfo,1549836000
879,Reteta,80,pbinfo,1549836000
880,Reteta,80,pbinfo,1549836000
881,Reteta,80,pbinfo,1549836000
882,Reteta,50,pbinfo,1549836000
883,Reteta,0,pbinfo,1549836000
884,Insule,52,pbinfo,1549317600
885,Insule,52,pbinfo,1549317600
886,Insule,52,pbinfo,1549317600
887,Expozitie,20,pbinfo,1549231200
888,Expozitie,20,pbinfo,1549231200
889,Expozitie,20,pbinfo,1549231200
890,Expozitie,20,pbinfo,1549231200
891,Relatii,70,pbinfo,1549058400
892,Relatii,70,pbinfo,1549058400
893,Relatii,60,pbinfo,1549058400
894,Relatii,60,pbinfo,1549058400
895,Relatii,60,pbinfo,1549058400
896,Relatii,60,pbinfo,1549058400
897,Relatii,60,pbinfo,1549058400
898,Relatii,60,pbinfo,1549058400
899,Relatii,60,pbinfo,1549058400
900,Relatii,40,pbinfo,1549058400
901,Rover,0,pbinfo,1549058400
902,Rover,0,pbinfo,1549058400
903,Rover,0,pbinfo,1549058400
904,Permutari,100,pbinfo,1548885600
905,Permutari,0,pbinfo,1548885600
906,Sir9,5,pbinfo,1548799200
907,Sir9,5,pbinfo,1548799200
908,Sir9,5,pbinfo,1548712800
909,Ferma,30,pbinfo,1548626400
910,Ferma,30,pbinfo,1548626400
911,Ferma,30,pbinfo,1548626400
912,Snorocos,100,pbinfo,1548540000
913,Ferma,30,pbinfo,1548453600
914,Ferma,20,pbinfo,1548453600
915,Ferma,30,pbinfo,1548453600
916,Ferma,30,pbinfo,1548453600
917,Ferma,30,pbinfo,1548453600
918,Ferma,30,pbinfo,1548453600
919,Ferma,30,pbinfo,1548453600
920,Ferma,30,pbinfo,1548453600
921,Ferma,30,pbinfo,1548453600
922,Ferma,25,pbinfo,1548367200
923,Ferma,25,pbinfo,1548367200
924,Ferma,25,pbinfo,1548367200
925,piata,0,pbinfo,1548367200
926,piata,0,pbinfo,1548194400
927,castel1,28,pbinfo,1547935200
928,Turnuri,70,pbinfo,1547935200
929,munte1,100,pbinfo,1547848800
930,careu,61,pbinfo,1547848800
931,careu,37,pbinfo,1547848800
932,careu,9,pbinfo,1547848800
933,Numere1,100,pbinfo,1547762400
934,Numere1,40,pbinfo,1547762400
935,Numere1,0,pbinfo,1547762400
936,Numere1,0,pbinfo,1547762400
937,Numere1,60,pbinfo,1547762400
938,Numere1,60,pbinfo,1547762400
939,Numere1,60,pbinfo,1547762400
940,expresie9,26,pbinfo,1547416800
941,CifMinRec,100,pbinfo,1547071200
942,padure,90,pbinfo,1546984800
943,padure,90,pbinfo,1546984800
944,padure,90,pbinfo,1546984800
945,padure,90,pbinfo,1546984800
946,padure,90,pbinfo,1546984800
947,padure,90,pbinfo,1546984800
948,padure,80,pbinfo,1546984800
949,padure,20,pbinfo,1546984800
950,padure,0,pbinfo,1546984800
951,padure,20,pbinfo,1546984800
952,padure,20,pbinfo,1546984800
953,careu,3,pbinfo,1546984800
954,careu,3,pbinfo,1546984800
955,careu,6,pbinfo,1546984800
956,careu,6,pbinfo,1546984800
957,pinguini,90,pbinfo,1546812000
958,pinguini,90,pbinfo,1546812000
959,pinguini,36,pbinfo,1546812000
960,Diferenta,30,pbinfo,1546812000
961,Puteri5,0,pbinfo,1546812000
962,VerifNrParCifreDivImp,100,pbinfo,1546639200
963,VerifEgaleDivImp,100,pbinfo,1546639200
964,InaltimiQ,100,pbinfo,1546639200
965,InaltimiQ,0,pbinfo,1546639200
966,ExistaImpareDivImp,100,pbinfo,1546639200
967,Generare2,60,pbinfo,1546552800
968,Generare2,60,pbinfo,1546552800
969,Generare2,60,pbinfo,1546552800
970,Generare2,20,pbinfo,1546552800
971,Generare2,20,pbinfo,1546552800
972,Fotbal,100,pbinfo,1546552800
973,Fotbal,80,pbinfo,1546552800
974,Fotbal,40,pbinfo,1546552800
975,Fotbal,80,pbinfo,1546552800
976,Pattern,100,pbinfo,1546552800
977,Pattern,0,pbinfo,1546552800
978,Sierpinski,0,pbinfo,1546466400
979,CntCifKRec,-1,pbinfo,1546466400
980,CntCifKRec,-1,pbinfo,1546466400
981,CntCifKRec,20,pbinfo,1546466400
982,CntCifKRec,-1,pbinfo,1546466400
983,FactorialRec1,0,pbinfo,1546466400
984,FactorialRec1,0,pbinfo,1546466400
985,FactorialRec1,-1,pbinfo,1546466400
986,FactorialRec1,0,pbinfo,1546466400
987,FactorialRec1,0,pbinfo,1546466400
988,FactorialRec1,-1,pbinfo,1546466400
989,FactorialRec1,0,pbinfo,1546466400
990,FactorialRec1,0,pbinfo,1546466400
991,FactorialRec1,-1,pbinfo,1546466400
992,FactorialRec1,0,pbinfo,1546466400
993,FactorialRec1,0,pbinfo,1546466400
994,FactorialRec1,0,pbinfo,1546466400
995,SC,40,pbinfo,1546380000
996,SC,40,pbinfo,1546380000
997,SC,-1,pbinfo,1546380000
998,StatisticiOrdine,55,pbinfo,1545343200
999,StatisticiOrdine,55,pbinfo,1545343200
1000,StatisticiOrdine,50,pbinfo,1545343200
1001,StatisticiOrdine,55,pbinfo,1545343200
1002,StatisticiOrdine,55,pbinfo,1545343200
1003,expresie9,4,pbinfo,1544997600
1004,StatisticiOrdine,45,pbinfo,1544824800
1005,StatisticiOrdine,0,pbinfo,1544824800
1006,StatisticiOrdine,0,pbinfo,1544824800
1007,StatisticiOrdine,-1,pbinfo,1544824800
1008,StatisticiOrdine,55,pbinfo,1544824800
1009,StatisticiOrdine,0,pbinfo,1544824800
1010,StatisticiOrdine,55,pbinfo,1544824800
1011,StatisticiOrdine,55,pbinfo,1544824800
1012,StatisticiOrdine,55,pbinfo,1544824800
1013,StatisticiOrdine,0,pbinfo,1544824800
1014,StatisticiOrdine,50,pbinfo,1544824800
1015,StatisticiOrdine,55,pbinfo,1544824800
1016,StatisticiOrdine,55,pbinfo,1544824800
1017,StatisticiOrdine,55,pbinfo,1544824800
1018,StatisticiOrdine,55,pbinfo,1544824800
1019,StatisticiOrdine,0,pbinfo,1544824800
1020,StatisticiOrdine,55,pbinfo,1544824800
1021,StatisticiOrdine,45,pbinfo,1544824800
1022,StatisticiOrdine,0,pbinfo,1544824800
1023,StatisticiOrdine,45,pbinfo,1544824800
1024,QuickSort,100,pbinfo,1544652000
1025,schior,75,pbinfo,1544565600
1026,schior,75,pbinfo,1544565600
1027,schior,75,pbinfo,1544565600
1028,schior,-1,pbinfo,1544565600
1029,schior,75,pbinfo,1544565600
1030,schior,-1,pbinfo,1544565600
1031,schior,75,pbinfo,1544565600
1032,schior,75,pbinfo,1544565600
1033,Cmmdc3,100,pbinfo,1544220000
1034,serbare2,25,pbinfo,1543960800
1035,serbare2,25,pbinfo,1543960800
1036,serbare2,25,pbinfo,1543960800
1037,serbare2,25,pbinfo,1543960800
1038,serbare2,25,pbinfo,1543960800
1039,SumTri1,80,pbinfo,1543788000
1040,SumTri1,0,pbinfo,1543788000
1041,SumTri,100,pbinfo,1543788000
1042,pattern1,100,pbinfo,1543528800
1043,pattern1,40,pbinfo,1543528800
1044,pattern1,-1,pbinfo,1543528800
1045,pattern1,-1,pbinfo,1543528800
1046,pattern1,40,pbinfo,1543528800
1047,pattern1,-1,pbinfo,1543528800
1048,pattern1,40,pbinfo,1543528800
1049,pattern1,-1,pbinfo,1543528800
1050,pattern1,40,pbinfo,1543528800
1051,CreareNumarRec,0,pbinfo,1543528800
1052,CreareNumarRec,0,pbinfo,1543528800
1053,CreareNumarRec,20,pbinfo,1543528800
1054,CreareNumarRec,20,pbinfo,1543528800
1055,CreareNumarRec,20,pbinfo,1543528800
1056,CreareNumarRec,20,pbinfo,1543528800
1057,CreareNumarRec,-1,pbinfo,1543528800
1058,CreareNumarRec,-1,pbinfo,1543528800
1059,CreareNumarRec,20,pbinfo,1543528800
1060,CreareNumarRec,20,pbinfo,1543528800
1061,CreareNumarRec,20,pbinfo,1543528800
1062,CreareNumarRec,20,pbinfo,1543528800
1063,CreareNumarRec,20,pbinfo,1543528800
1064,NrCifreZeroRec,100,pbinfo,1543528800
1065,SumCifRec,100,pbinfo,1543528800
1066,CmmdcRec1,0,pbinfo,1543528800
1067,CmmdcRec1,-1,pbinfo,1543528800
1068,CmmdcRec1,0,pbinfo,1543528800
1069,CmmdcRec1,0,pbinfo,1543528800
1070,CmmdcRec,100,pbinfo,1543528800
1071,CmmdcRec,60,pbinfo,1543528800
1072,CmmdcRec,60,pbinfo,1543528800
1073,FactorialRec,100,pbinfo,1543528800
1074,FactorialRec,80,pbinfo,1543528800
1075,EliminareSpatii,100,pbinfo,1542405600
1076,triunghiul,100,pbinfo,1542319200
1077,triunghiul,80,pbinfo,1542319200
1078,triunghiul,0,pbinfo,1542319200
1079,triunghiul,0,pbinfo,1542319200
1080,careu,9,pbinfo,1542060000
1081,careu,-1,pbinfo,1542060000
1082,Cautare Binara,100,pbinfo,1541800800
1083,Cautare Binara,40,pbinfo,1541800800
1084,Cautare Binara,-1,pbinfo,1541800800
1085,Cautare Binara,0,pbinfo,1541800800
1086,Dublare,80,pbinfo,1541800800
1087,Dublare,60,pbinfo,1541800800
1088,Dublare,20,pbinfo,1541800800
1089,Dublare,0,pbinfo,1541800800
1090,FormNr,100,pbinfo,1541800800
1091,s_p_c,0,pbinfo,1541368800
1092,s_p_c,0,pbinfo,1541368800
1093,s_p_c,0,pbinfo,1541368800
1094,s_p_c,0,pbinfo,1541368800
1095,s_p_c,0,pbinfo,1541368800
1096,s_p_c,0,pbinfo,1541368800
1097,SortPrime,-1,pbinfo,1541109600
1098,Cuvinte1,20,pbinfo,1540936800
1099,align,0,pbinfo,1540936800
1100,Inlocuire1,100,pbinfo,1540936800
1101,Inlocuire1,-1,pbinfo,1540936800
1102,Inlocuire1,0,pbinfo,1540936800
1103,Inlocuire1,0,pbinfo,1540936800
1104,PerechiVocale1,100,pbinfo,1540936800
1105,Anagrame,100,pbinfo,1540936800
1106,Anagrame,60,pbinfo,1540936800
1107,SumaXL,100,pbinfo,1540587600
1108,SumaXL,0,pbinfo,1540587600
1109,SumaXL,60,pbinfo,1540587600
1110,SumaXL,60,pbinfo,1540587600
1111,SumaXL,0,pbinfo,1540587600
1112,SumaXXL,100,pbinfo,1540587600
1113,SumaXXL,0,pbinfo,1540587600
1114,SumaXXL,0,pbinfo,1540587600
1115,SumaXXL,0,pbinfo,1540587600
1116,GigelAjungeAcasa,40,pbinfo,1540587600
1117,GigelAjungeAcasa,40,pbinfo,1540587600
1118,GigelAjungeAcasa,40,pbinfo,1540587600
1119,GigelAjungeAcasa,40,pbinfo,1540587600
1120,GigelAjungeAcasa,40,pbinfo,1540501200
1121,GigelAjungeAcasa,0,pbinfo,1540501200
1122,GigelAjungeAcasa,-1,pbinfo,1540501200
1123,GigelAjungeAcasa,40,pbinfo,1540501200
1124,GigelAjungeAcasa,0,pbinfo,1540501200
1125,ZOO,20,pbinfo,1540501200
1126,alee,100,pbinfo,1540242000
1127,alee,60,pbinfo,1540242000
1128,alee,60,pbinfo,1540242000
1129,alee,60,pbinfo,1540242000
1130,alee,60,pbinfo,1540242000
1131,alee,60,pbinfo,1540242000
1132,alee,0,pbinfo,1540242000
1133,alee,0,pbinfo,1540242000
1134,Domino Dots,60,pbinfo,1540155600
1135,UEMM1,0,pbinfo,1540155600
1136,UEMM1,40,pbinfo,1540155600
1137,Depou,100,pbinfo,1540155600
1138,Cuburi2,20,pbinfo,1539982800
1139,Intervale4,60,pbinfo,1539982800
1140,Intervale4,-1,pbinfo,1539982800
1141,Intervale4,-1,pbinfo,1539982800
1142,Intervale4,60,pbinfo,1539982800
1143,Intervale4,60,pbinfo,1539982800
1144,Stiva,80,pbinfo,1539982800
1145,Stiva,80,pbinfo,1539982800
1146,Stiva,80,pbinfo,1539982800
1147,Stiva,80,pbinfo,1539982800
1148,Stiva,40,pbinfo,1539982800
1149,Stiva,80,pbinfo,1539982800
1150,Stiva,80,pbinfo,1539982800
1151,Stiva,80,pbinfo,1539982800
1152,Stiva,20,pbinfo,1539982800
1153,Stiva,20,pbinfo,1539982800
1154,Stiva,80,pbinfo,1539982800
1155,Stiva,80,pbinfo,1539982800
1156,Vot,10,pbinfo,1539982800
1157,Intervale4,0,pbinfo,1539982800
1158,credite,15,pbinfo,1539378000
1159,credite,15,pbinfo,1539378000
1160,Interclasare1,100,pbinfo,1539291600
1161,Interclasare1,0,pbinfo,1539291600
1162,Interclasare1,20,pbinfo,1539291600
1163,Interclasare1,0,pbinfo,1539291600
1164,Interclasare1,0,pbinfo,1539291600
1165,Interclasare,100,pbinfo,1539291600
1166,Interclasare,20,pbinfo,1539291600
1167,Interclasare,20,pbinfo,1539291600
1168,VacantaDeVara,40,pbinfo,1539291600
1169,VacantaDeVara,40,pbinfo,1539291600
1170,Nevricos,0,pbinfo,1539032400
1171,Nevricos,0,pbinfo,1539032400
1172,Nevricos,0,pbinfo,1539032400
1173,Nevricos,0,pbinfo,1539032400
1174,Nevricos,0,pbinfo,1539032400
1175,Nevricos,0,pbinfo,1539032400
1176,platou3,100,pbinfo,1538859600
1177,platou3,60,pbinfo,1538859600
1178,platou3,60,pbinfo,1538859600
1179,platou3,60,pbinfo,1538859600
1180,platou3,0,pbinfo,1538859600
1181,platou3,60,pbinfo,1538859600
1182,platou3,0,pbinfo,1538859600
1183,platou3,40,pbinfo,1538859600
1184,platou3,40,pbinfo,1538859600
1185,platou3,40,pbinfo,1538859600
1186,platou3,0,pbinfo,1538859600
1187,platou3,0,pbinfo,1538859600
1188,platou3,0,pbinfo,1538859600
1189,platou3,0,pbinfo,1538859600
1190,platou2,80,pbinfo,1538859600
1191,platou2,0,pbinfo,1538859600
1192,platou2,80,pbinfo,1538859600
1193,platou2,80,pbinfo,1538859600
1194,Nevricos,0,pbinfo,1538686800
1195,Nevricos,0,pbinfo,1538686800
1196,Nevricos,0,pbinfo,1538686800
1197,Asfalt,20,pbinfo,1538427600
1198,Nevricos,0,pbinfo,1538254800
1199,Nevricos,0,pbinfo,1538254800
1200,CifreBinare,60,pbinfo,1537477200
1201,CifreBinare,60,pbinfo,1537477200
1202,CifreBinare,60,pbinfo,1537477200
1203,CifBin,100,pbinfo,1537477200
1204,n_minim,100,pbinfo,1537477200
1205,EasyRow,0,pbinfo,1537477200
1206,EasyRow,0,pbinfo,1537477200
1207,EasyRow,0,pbinfo,1537477200
1208,EasyRow,0,pbinfo,1537477200
1209,EasyRow,0,pbinfo,1537477200
1210,EasyRow,0,pbinfo,1537477200
1211,EasyRow,-1,pbinfo,1537477200
1212,EasyRow,0,pbinfo,1531688400
1213,EasyRow,0,pbinfo,1531688400
1214,EasyRow,0,pbinfo,1531688400
1215,EasyRow,0,pbinfo,1531688400
1216,EasyRow,0,pbinfo,1531688400
1217,EasyRow,0,pbinfo,1531688400
1218,n_maxim,60,pbinfo,1531688400
1219,n_maxim,60,pbinfo,1531688400
1220,n_maxim,60,pbinfo,1531688400
1221,n_maxim,60,pbinfo,1531688400
1222,n_maxim,60,pbinfo,1531688400
1223,Cautare Binara,100,pbinfo,1527368400
1224,platou1,100,pbinfo,1526850000
1225,platou1,0,pbinfo,1526850000
1226,platou1,0,pbinfo,1526850000
1227,platou1,0,pbinfo,1526850000
1228,UltimeleImpare,80,pbinfo,1526677200
1229,UltimeleImpare,60,pbinfo,1526677200
1230,DifMax,40,pbinfo,1526677200
1231,DifMax,0,pbinfo,1526677200
1232,Morisca,100,pbinfo,1526677200
1233,Majoritar,100,pbinfo,1526677200
1234,Majoritar,100,pbinfo,1526677200
1235,Majoritar,40,pbinfo,1526677200
1236,MaximPar,100,pbinfo,1526677200
1237,MaximPar,80,pbinfo,1526677200
1238,pozitieSir,100,pbinfo,1526590800
1239,pozitieSir,20,pbinfo,1526590800
1240,pozitieSir,20,pbinfo,1526590800
1241,pozitieSir,20,pbinfo,1526590800
1242,pozitieSir,20,pbinfo,1526590800
1243,pozitieSir,20,pbinfo,1526590800
1244,pozitieSir,20,pbinfo,1526590800
1245,pozitieSir,20,pbinfo,1526590800
1246,pozitieSir,20,pbinfo,1526590800
1247,pozitieSir,-1,pbinfo,1526590800
1248,pozitieSir,-1,pbinfo,1526590800
1249,pozitieSir,80,pbinfo,1526590800
1250,pozitieSir,80,pbinfo,1526590800
1251,pozitieSir,80,pbinfo,1526590800
1252,pozitieSir,0,pbinfo,1526590800
1253,pozitieSir,80,pbinfo,1526590800
1254,MaximPar,0,pbinfo,1526245200
1255,MaximPar,-1,pbinfo,1526245200
1256,MaximPar,-1,pbinfo,1526245200
1257,CelMaiMicNr,80,pbinfo,1525554000
1258,CelMaiMicNr,-1,pbinfo,1525554000
1259,CelMaiMicNr,80,pbinfo,1525554000
1260,CelMaiMicNr,-1,pbinfo,1525554000
1261,CelMaiMareNr,100,pbinfo,1525554000
1262,CelMaiMareNr,-1,pbinfo,1525554000
1263,Oglindit2,100,pbinfo,1525554000
1264,SumFactCif,100,pbinfo,1525554000
1265,SumFactCif,0,pbinfo,1525554000
1266,SumFactCif,0,pbinfo,1525554000
1267,SumFactCif,20,pbinfo,1525554000
1268,SumFactCif,20,pbinfo,1525554000
1269,NrMaxim,0,pbinfo,1525554000
1270,NrMaxim,0,pbinfo,1525554000
1271,NrMaxim,0,pbinfo,1525554000
1272,SumCifF,100,pbinfo,1525554000
1273,SumCifF,0,pbinfo,1525554000
1274,SumCifF,0,pbinfo,1525554000
1275,NrMaxim,0,pbinfo,1525381200
1276,NrMaxim,-1,pbinfo,1525381200
1277,NrMaxim,-1,pbinfo,1525381200
1278,FactorialF,100,pbinfo,1525381200
1279,SumDivK,100,pbinfo,1524171600
1280,SumDivK,-1,pbinfo,1524171600
1281,SumDivK,0,pbinfo,1524085200
1282,SumDivK,0,pbinfo,1524085200
1283,SumDivK,0,pbinfo,1524085200
1284,SumDivK,-1,pbinfo,1524085200
1285,SumDivK,20,pbinfo,1524085200
1286,SumDivK,20,pbinfo,1524085200
1287,SumDivK,-1,pbinfo,1524085200
1288,SumDivK,-1,pbinfo,1524085200
1289,SumDivK,-1,pbinfo,1524085200
1290,SumDivK,-1,pbinfo,1524085200
1291,MaximPar,-1,pbinfo,1523826000
1292,MaximPar,-1,pbinfo,1523826000
1293,MaximPar,-1,pbinfo,1523826000
1294,Moka,10,pbinfo,1523653200
1295,Moka,10,pbinfo,1523653200
1296,GenMat5,100,pbinfo,1522962000
1297,GenMat5,-1,pbinfo,1522962000
1298,Norocos,96,pbinfo,1521842400
1299,Norocos,44,pbinfo,1521842400
1300,Norocos,44,pbinfo,1521842400
1301,Norocos,36,pbinfo,1521842400
1302,GenMat5,0,pbinfo,1521756000
1303,GenMat5,0,pbinfo,1521756000
1304,GenMat4,100,pbinfo,1521756000
1305,Majoritar,20,pbinfo,1521756000
1306,Majoritar,-1,pbinfo,1521756000
1307,Majoritar,20,pbinfo,1521756000
1308,Majoritar,20,pbinfo,1521756000
1309,Majoritar,20,pbinfo,1521756000
1310,Majoritar,20,pbinfo,1521756000
1311,Majoritar,20,pbinfo,1521756000
1312,Majoritar,20,pbinfo,1521756000
1313,Majoritar,20,pbinfo,1521756000
1314,tnia,41,pbinfo,1521756000
1315,tnia,41,pbinfo,1521410400
1316,cufar,100,pbinfo,1521410400
1317,GenMat3,100,pbinfo,1521324000
1318,GenMat2,100,pbinfo,1521324000
1319,GenMat1,100,pbinfo,1521324000
1320,GenMat1,0,pbinfo,1521324000
1321,Betasah,24,pbinfo,1521151200
1322,Betasah,24,pbinfo,1521151200
1323,Betasah,18,pbinfo,1521151200
1324,Betasah,14,pbinfo,1521151200
1325,Betasah,18,pbinfo,1521151200
1326,Betasah,18,pbinfo,1521151200
1327,zoom,100,pbinfo,1521064800
1328,zoom,70,pbinfo,1521064800
1329,CautaNrInMatrice,60,pbinfo,1520892000
1330,CautaNrInMatrice,60,pbinfo,1520892000
1331,CautaNrInMatrice,-1,pbinfo,1520892000
1332,CautaNrInMatrice,60,pbinfo,1520892000
1333,CautaNrInMatrice,60,pbinfo,1520892000
1334,CautaNrInMatrice,60,pbinfo,1520892000
1335,CautaNrInMatrice,60,pbinfo,1520892000
1336,NrPrime1,100,pbinfo,1520892000
1337,Acoperire,100,pbinfo,1520892000
1338,Acoperire,20,pbinfo,1520892000
1339,OrdLin,0,pbinfo,1520892000
1340,OrdLin,0,pbinfo,1520892000
1341,SumaLinii1,100,pbinfo,1520892000
1342,SumaLinii1,100,pbinfo,1520892000
1343,SumaLinii1,0,pbinfo,1520892000
1344,SumaLinii,100,pbinfo,1520892000
1345,SumaPătrate,30,pbinfo,1520805600
1346,SumaPătrate,30,pbinfo,1520805600
1347,SumaPătrate,0,pbinfo,1520805600
1348,Expresie5,100,pbinfo,1520805600
1349,Expresie5,0,pbinfo,1520805600
1350,Expresie,100,pbinfo,1520719200
1351,Expresie,80,pbinfo,1520719200
1352,Factorial,100,pbinfo,1520719200
1353,Factorial,80,pbinfo,1520719200
1354,Factorial,80,pbinfo,1520719200
1355,Factorial,50,pbinfo,1520719200
1356,Factorial,0,pbinfo,1520719200
1357,Expresie4,100,pbinfo,1520719200
1358,Expresie3,100,pbinfo,1520719200
1359,Expresie3,40,pbinfo,1520719200
1360,Expresie3,40,pbinfo,1520719200
1361,Expresie3,40,pbinfo,1520719200
1362,Expresie3,0,pbinfo,1520719200
1363,Expresie2,100,pbinfo,1520719200
1364,SumaPare,100,pbinfo,1520719200
1365,Elicop,100,pbinfo,1520719200
1366,Elicop,90,pbinfo,1520632800
1367,Defrag,25,pbinfo,1520546400
1368,Defrag,25,pbinfo,1520373600
1369,SumaPare2,100,pbinfo,1520287200
1370,Defrag,30,pbinfo,1520287200
1371,Defrag,20,pbinfo,1520287200
1372,sir_munte,100,pbinfo,1520200800
1373,sir_munte,60,pbinfo,1520200800
1374,sir_munte,60,pbinfo,1520200800
1375,sir_munte,90,pbinfo,1520200800
1376,sir_munte,-1,pbinfo,1520200800
1377,sir_munte,90,pbinfo,1520200800
1378,sir_munte,90,pbinfo,1520200800
1379,sir_munte,90,pbinfo,1520200800
1380,UltimulPar,100,pbinfo,1520114400
1381,Numere,100,pbinfo,1519682400
1382,Numere,80,pbinfo,1519682400
1383,Numere,80,pbinfo,1519682400
1384,masterpiece001,0,pbinfo,1519682400
1385,masterpiece001,0,pbinfo,1519682400
1386,masterpiece001,0,pbinfo,1519682400
1387,masterpiece001,0,pbinfo,1519682400
1388,Memory009,100,pbinfo,1519682400
1389,Memory009,0,pbinfo,1519682400
1390,Memory009,0,pbinfo,1519682400
1391,Cifre12,48,pbinfo,1519682400
1392,Cifre12,52,pbinfo,1519682400
1393,Cifre12,40,pbinfo,1519682400
1394,Cifre12,48,pbinfo,1519596000
1395,Cifre12,28,pbinfo,1519596000
1396,Cifre12,-1,pbinfo,1519596000
1397,Cifre12,48,pbinfo,1519596000
1398,Cifre12,20,pbinfo,1519596000
1399,Cifre12,-1,pbinfo,1519596000
1400,Cifre12,48,pbinfo,1519596000
1401,Cifre12,44,pbinfo,1519596000
1402,Cifre12,48,pbinfo,1519423200
1403,Cifre12,32,pbinfo,1519423200
1404,Cifre12,40,pbinfo,1519423200
1405,Cifre12,24,pbinfo,1519423200
1406,Cifre12,-1,pbinfo,1519423200
1407,Cifre12,32,pbinfo,1519423200
1408,Cifre12,40,pbinfo,1519423200
1409,Cifre12,48,pbinfo,1519423200
1410,Cifre12,48,pbinfo,1519423200
1411,Cifre12,40,pbinfo,1519423200
1412,Cifre12,16,pbinfo,1519423200
1413,Cifre12,20,pbinfo,1519423200
1414,Cifre12,16,pbinfo,1519423200
1415,Cifre12,16,pbinfo,1519423200
1416,Cifre12,16,pbinfo,1519423200
1417,GenMat16,20,pbinfo,1519423200
1418,GenMat16,20,pbinfo,1519423200
1419,ace,0,pbinfo,1519423200
1420,ace,0,pbinfo,1519423200
1421,ace,0,pbinfo,1519423200
1422,ace,0,pbinfo,1519336800
1423,ace,0,pbinfo,1519336800
1424,ace,0,pbinfo,1519336800
1425,ace,0,pbinfo,1519336800
1426,ace,0,pbinfo,1519336800
1427,Poza,100,pbinfo,1519336800
1428,Poza,20,pbinfo,1519336800
1429,numere15,100,pbinfo,1519250400
1430,numere15,0,pbinfo,1519250400
1431,Divizorii Oglinditului,100,pbinfo,1519250400
1432,CatePare,100,pbinfo,1519077600
1433,CatePare,80,pbinfo,1519077600
1434,Inlocuire2,80,pbinfo,1519077600
1435,Inlocuire2,80,pbinfo,1519077600
1436,Inlocuire2,80,pbinfo,1519077600
1437,Inlocuire2,80,pbinfo,1519077600
1438,Suma Divizori,30,pbinfo,1518991200
1439,Suma Divizori,70,pbinfo,1518991200
1440,Suma Gauss,100,pbinfo,1518991200
1441,Suma Gauss,40,pbinfo,1518991200
1442,Suma Gauss,40,pbinfo,1518991200
1443,Suma Gauss,-1,pbinfo,1518991200
1444,Urare,100,pbinfo,1518991200
1445,Inlocuire2,-1,pbinfo,1518991200
1446,Sume2,0,pbinfo,1518904800
1447,Urare,100,pbinfo,1518904800
1448,Urare,100,pbinfo,1518904800
1449,Urare,100,pbinfo,1518904800
1450,Urare,-1,pbinfo,1518904800
1451,Poza,60,pbinfo,1518904800
1452,Poza,0,pbinfo,1518904800
1453,Poza,0,pbinfo,1518904800
1454,Poza,0,pbinfo,1518904800
1455,Vecini1,20,pbinfo,1518904800
1456,Vecini1,0,pbinfo,1518904800
1457,Vecini1,20,pbinfo,1518904800
1458,Vecini1,0,pbinfo,1518904800
1459,Vecini1,20,pbinfo,1518904800
1460,ElimColoane,20,pbinfo,1518818400
1461,ElimColoane,0,pbinfo,1518818400
1462,VeciniPari,100,pbinfo,1518818400
1463,VeciniPari,60,pbinfo,1518818400
1464,VeciniPari,0,pbinfo,1518818400
1465,VeciniPari,60,pbinfo,1518818400
1466,VeciniPari,0,pbinfo,1518818400
1467,VeciniPari,60,pbinfo,1518818400
1468,MChenar,100,pbinfo,1518818400
1469,MChenar,0,pbinfo,1518818400
1470,CntColoane,100,pbinfo,1518818400
1471,Adunscad,100,pbinfo,1518818400
1472,Adunscad,0,pbinfo,1518818400
1473,MaxAp,100,pbinfo,1518818400
1474,MaxAp,0,pbinfo,1518818400
1475,Urare,100,pbinfo,1518818400
1476,MaxAp,20,pbinfo,1518818400
1477,PermCol,100,pbinfo,1518818400
1478,PermCol,0,pbinfo,1518818400
1479,PermCol,0,pbinfo,1518818400
1480,PermCol,0,pbinfo,1518818400
1481,Sume2,50,pbinfo,1518732000
1482,Sume2,0,pbinfo,1518732000
1483,AfisareDivizoriComuni,100,pbinfo,1518732000
1484,AfisareDivizoriComuni,90,pbinfo,1518732000
1485,AfisareDivizoriComuni,90,pbinfo,1518732000
1486,Kminsum,30,pbinfo,1518386400
1487,VerifDiferite,50,pbinfo,1517781600
1488,VerifDiferite,50,pbinfo,1517781600
1489,VerifEgale,100,pbinfo,1517781600
1490,VerifEgale,50,pbinfo,1517781600
1491,VerifEgale,50,pbinfo,1517781600
1492,VerifPare,100,pbinfo,1517781600
1493,Numere8,60,pbinfo,1517263200
1494,Numere8,-1,pbinfo,1517263200
1495,Numere8,-1,pbinfo,1517263200
1496,Numere8,0,pbinfo,1517263200
1497,Numere8,0,pbinfo,1517263200
1498,Numere8,0,pbinfo,1517263200
1499,inlocuireK,100,pbinfo,1517176800
1500,aceeasi_paritate_2,80,pbinfo,1517176800
1501,aceeasi_paritate_2,0,pbinfo,1517176800
1502,aceeasi_paritate_2,0,pbinfo,1517176800
1503,betisoare1,10,pbinfo,1517090400
1504,Inaltimi,100,pbinfo,1516917600
1505,Inaltimi,20,pbinfo,1516917600
1506,secventa11,100,pbinfo,1516917600
1507,inlocuire,100,pbinfo,1516831200
1508,inlocuire,-1,pbinfo,1516831200
1509,Constr1,100,pbinfo,1516831200
1510,Constr1,0,pbinfo,1516831200
1511,BlackFriday,20,pbinfo,1516831200
1512,BlackFriday,60,pbinfo,1516831200
1513,BlackFriday,60,pbinfo,1516831200
1514,BlackFriday,60,pbinfo,1516831200
1515,BlackFriday,60,pbinfo,1516831200
1516,Constr,100,pbinfo,1516658400
1517,Constr,-1,pbinfo,1516658400
1518,Constr,0,pbinfo,1516658400
1519,Numarare5,100,pbinfo,1516658400
1520,NumararePIE,100,pbinfo,1516658400
1521,Numarare3,100,pbinfo,1516658400
1522,Numarare2,100,pbinfo,1516658400
1523,Suma2,100,pbinfo,1516658400
1524,Suma2,80,pbinfo,1516658400
1525,Suma2,80,pbinfo,1516658400
1526,Suma2,0,pbinfo,1516658400
1527,Suma2,80,pbinfo,1516658400
1528,Suma2,80,pbinfo,1516658400
1529,Suma2,0,pbinfo,1516658400
1530,Suma2,80,pbinfo,1516658400
1531,AfisareMinMax,100,pbinfo,1516658400
1532,Numarare6,100,pbinfo,1516658400
1533,PozMinMax,100,pbinfo,1516658400
1534,MinMax0,100,pbinfo,1516658400
1535,Afisare1,100,pbinfo,1516658400
1536,Afisare1,-1,pbinfo,1516658400
1537,Afisare,100,pbinfo,1516658400
1538,CifreOrd1,20,pbinfo,1516572000
1539,CifreOrd1,0,pbinfo,1516572000
1540,CifreOrd1,0,pbinfo,1516572000
1541,Numere1,60,pbinfo,1516572000
1542,Numere1,60,pbinfo,1516572000
1543,Numere1,60,pbinfo,1516572000
1544,Numere1,0,pbinfo,1516572000
1545,Numere1,60,pbinfo,1516572000
1546,Numere1,60,pbinfo,1516572000
1547,Numere1,40,pbinfo,1516572000
1548,Numere1,20,pbinfo,1516572000
1549,Numere1,0,pbinfo,1516572000
1550,Numere1,20,pbinfo,1516572000
1551,Numere1,0,pbinfo,1516572000
1552,Numere1,20,pbinfo,1516572000
1553,Numere1,0,pbinfo,1516572000
1554,AfisareDivizoriComuni,40,pbinfo,1512856800
1555,Suma Divizorilor Impari,0,pbinfo,1512856800
1556,Suma Divizorilor Impari,0,pbinfo,1512856800
1557,Suma Divizorilor Impari,0,pbinfo,1512856800
1558,Suma Divizorilor Impari,60,pbinfo,1512856800
1559,NumararePerechiPrimeIntreEle,60,pbinfo,1512684000
1560,NumararePerechiPrimeIntreEle,-1,pbinfo,1512684000
1561,MedieDiv,100,pbinfo,1512684000
1562,MedieDiv,20,pbinfo,1512684000
1563,Numarul Divizorilor Pari,60,pbinfo,1512684000
1564,Suma Divizorilor Impari,60,pbinfo,1512684000
1565,Suma Divizori,90,pbinfo,1512684000
1566,Suma Divizori,-1,pbinfo,1512684000
1567,UltimaCifraPara,80,pbinfo,1512597600
1568,UltimaCifraPara,80,pbinfo,1512597600
1569,UltimaCifraPara,20,pbinfo,1512597600
1570,UltimaCifraPara,40,pbinfo,1512597600
1571,UltimaCifraPara,20,pbinfo,1512597600
1572,UltimaCifraPara,80,pbinfo,1512597600
1573,UltimaCifraPara,60,pbinfo,1512597600
1574,UltimaCifraPara,60,pbinfo,1512597600
1575,Oglindit,100,pbinfo,1512597600
1576,Oglindit,50,pbinfo,1512597600
1577,Oglindit,50,pbinfo,1512597600
1578,Oglindit,-1,pbinfo,1512597600
1579,CifraImparaMaxima,100,pbinfo,1512597600
1580,CifraMaxima,100,pbinfo,1512597600
1581,NumarulDeCifre,100,pbinfo,1512597600
1582,NumarulDeCifre,90,pbinfo,1512597600
1583,cifre005,20,pbinfo,1512597600
1584,cifre005,0,pbinfo,1512597600
1585,cifre005,0,pbinfo,1512597600
1586,cifre005,20,pbinfo,1512597600
1587,cifre005,20,pbinfo,1512597600
1588,cifre005,0,pbinfo,1512597600
1589,cifre005,20,pbinfo,1512597600
1590,Cosmin,0,pbinfo,1512597600
1591,Cosmin,-1,pbinfo,1512597600
1592,Cosmin,-1,pbinfo,1512597600
1593,Cautare Binara,40,pbinfo,1512338400
1594,Cautare Binara,40,pbinfo,1512338400
1595,Cautare Binara,40,pbinfo,1512338400
1596,Cautare Binara,0,pbinfo,1512338400
1597,Cautare Binara,0,pbinfo,1512338400
1598,Cautare Binara,-1,pbinfo,1512338400
1599,uciv,100,pbinfo,1512165600
1600,asii,100,pbinfo,1512165600
1601,asii,0,pbinfo,1512165600
1602,scadere2,100,pbinfo,1512165600
1603,scadere2,-1,pbinfo,1512165600
1604,Urare,100,pbinfo,1512165600
1605,sum00,100,pbinfo,1512165600
1606,sum00,-1,pbinfo,1512165600
1607,Proportionale,50,pbinfo,1511733600
1608,PareOrdonate,100,pbinfo,1511733600
1609,PareOrdonate,70,pbinfo,1511733600
1610,PareOrdonate,50,pbinfo,1511733600
1611,PareOrdonate,70,pbinfo,1511733600
1612,PareOrdonate,70,pbinfo,1511733600
1613,VerifOrd,100,pbinfo,1511733600
1614,ExistaImpare,100,pbinfo,1511733600
1615,ExistaImpare,-1,pbinfo,1511733600
1616,ExistaImpare,-1,pbinfo,1511733600
1617,ExistaImpare,-1,pbinfo,1511733600
1618,Ordonare,100,pbinfo,1511301600
1619,PermCirc,100,pbinfo,1511128800
1620,PermCirc,0,pbinfo,1511128800
1621,PermCirc,0,pbinfo,1511128800
1622,PermCirc,-1,pbinfo,1511128800
1623,PermCirc,-1,pbinfo,1511128800
1624,PermCirc,-1,pbinfo,1511128800
1625,inserareInainte,100,pbinfo,1511042400
1626,inserareDupa,100,pbinfo,1511042400
1627,aceeasi_paritate,80,pbinfo,1511042400
1628,aceeasi_paritate,20,pbinfo,1511042400
1629,aceeasi_paritate,20,pbinfo,1511042400
1630,aceeasi_paritate,20,pbinfo,1511042400
1631,aceeasi_paritate,40,pbinfo,1511042400
1632,aceeasi_paritate,40,pbinfo,1511042400
1633,aceeasi_paritate,40,pbinfo,1511042400
1634,aceeasi_paritate,20,pbinfo,1511042400
1635,inserareInainte,60,pbinfo,1510956000
1636,inserareInainte,60,pbinfo,1510956000
1637,inserareInainte,0,pbinfo,1510956000
1638,inserareDupa,60,pbinfo,1510956000
1639,inserareDupa,60,pbinfo,1510956000
1640,inserareDupa,60,pbinfo,1510956000
1641,inserare,100,pbinfo,1510956000
1642,inserare,0,pbinfo,1510956000
1643,stergere1,100,pbinfo,1510956000
1644,stergere,100,pbinfo,1510956000
1645,stergere,20,pbinfo,1510956000
1646,stergere,-1,pbinfo,1510956000
1647,stergere,20,pbinfo,1510956000
1648,Stergere_Element,100,pbinfo,1510956000
1649,inserareDupa,20,pbinfo,1510869600
1650,inserareDupa,0,pbinfo,1510869600
1651,inserareDupa,20,pbinfo,1510869600
1652,inserareDupa,20,pbinfo,1510869600
1653,inserareDupa,0,pbinfo,1510869600
1654,inserareDupa,-1,pbinfo,1510869600
1655,Afisare0,100,pbinfo,1510524000
1656,Paritate1,100,pbinfo,1510524000
1657,DifMax,40,pbinfo,1510351200
1658,DifMax,10,pbinfo,1510351200
1659,DifMax,0,pbinfo,1510351200
1660,DifMax,40,pbinfo,1510351200
1661,Suma Cifrelor,100,pbinfo,1510092000
1662,ProdusCifreImpare,100,pbinfo,1510092000
1663,ProdusCifreImpare,70,pbinfo,1510092000
1664,Jumatate,100,pbinfo,1510092000
1665,Jumatate,0,pbinfo,1510092000
1666,Numarare,100,pbinfo,1510005600
1667,n_maxim,60,pbinfo,1509400800
1668,n_maxim,60,pbinfo,1509400800
1669,DivizoriPariInterval,80,pbinfo,1509400800
1670,DivizoriPariInterval,80,pbinfo,1509400800
1671,UltimeleImpare,80,pbinfo,1509314400
1672,UltimeleImpare,60,pbinfo,1509314400
1673,UltimeleImpare,0,pbinfo,1509314400
1674,UltimeleImpare,0,pbinfo,1509314400
1675,UltimeleImpare,-1,pbinfo,1509314400
1676,UltimeleImpare,-1,pbinfo,1509314400
1677,UltimeleImpare,80,pbinfo,1509314400
1678,UltimeleImpare,60,pbinfo,1509314400
1679,Collatz,100,pbinfo,1509314400
1680,p10_10,40,pbinfo,1509314400
1681,p10_10,40,pbinfo,1509314400
1682,AfisareNumere,100,pbinfo,1509314400
1683,Suma Gauss,40,pbinfo,1509314400
1684,Suma Gauss,40,pbinfo,1509314400
1685,Suma Gauss,40,pbinfo,1509314400
1686,Suma Gauss,40,pbinfo,1509314400
1687,Suma Gauss,40,pbinfo,1509314400
1688,Suma Gauss,40,pbinfo,1509314400
1689,Suma Gauss,40,pbinfo,1509314400
1690,Morisca,20,pbinfo,1509051600
1691,Morisca,20,pbinfo,1509051600
1692,Morisca,20,pbinfo,1509051600
1693,CatePare,20,pbinfo,1509051600
1694,CatePare,20,pbinfo,1509051600
